"Название Услуги","Ориентировочная Стоимость","Срок Исполнения","Размер Предоплаты"
"построение и обслуживание структурированных кабельных систем (СКС)","2555294","219","1277647"
"создание и поддержка интеллектуальных медиасистем","1690015","64","845007"
"телефония","6203291","113","3101645"
"создание виртуального офиса","4552854","139","2276427"
"организация резервного копирования","1134622","270","378207"
"администрирование сетей и серверов","270667","361","90222"
"техническая поддержка рабочих станций и ИТ сервисов","5580937","331","1860312"
"веб-разработка","8588352","344","4294176"
"создание мобильных систем","4531070","162","1510356"
"создание и обслуживание систем контроля доступа к портам и устройствам","174532","175","87266"
"организацию антивирусной защиты","4997620","75","2498810"
"решения касающиеся сетевой безопасности и отражения угроз","1309201","226","436400"
"организация систем видеонаблюдения","9429477","329","3143159"
"построение и обслуживание структурированных кабельных систем (СКС)","9606779","113","4803389"
"создание и поддержка интеллектуальных медиасистем","1102620","52","367540"
"телефония","1951824","256","975912"
"создание виртуального офиса","6338405","70","2112801"
"организация резервного копирования","8369908","223","2789969"
"администрирование сетей и серверов","242564","276","80854"
"техническая поддержка рабочих станций и ИТ сервисов","4417721","106","1472573"
"веб-разработка","1113429","128","371143"
"создание мобильных систем","9049174","304","4524587"
"создание и обслуживание систем контроля доступа к портам и устройствам","9249278","266","4624639"
"организацию антивирусной защиты","8840677","176","4420338"
"решения касающиеся сетевой безопасности и отражения угроз","9757678","234","4878839"
"организация систем видеонаблюдения","4253603","250","2126801"
"построение и обслуживание структурированных кабельных систем (СКС)","2008278","56","669426"
"создание и поддержка интеллектуальных медиасистем","9949320","332","4974660"
"телефония","7099902","156","2366634"
"создание виртуального офиса","6782530","297","3391265"
"организация резервного копирования","1904376","223","952188"
"администрирование сетей и серверов","7176851","256","2392283"
"техническая поддержка рабочих станций и ИТ сервисов","919404","341","306468"
"веб-разработка","2647544","230","882514"
"создание мобильных систем","3445918","91","1722959"
"создание и обслуживание систем контроля доступа к портам и устройствам","7266265","92","2422088"
"организацию антивирусной защиты","489194","358","163064"
"решения касающиеся сетевой безопасности и отражения угроз","6480437","28","2160145"
"организация систем видеонаблюдения","9628634","350","3209544"
"построение и обслуживание структурированных кабельных систем (СКС)","4617807","356","1539269"
"создание и поддержка интеллектуальных медиасистем","8029744","242","2676581"
"телефония","3985322","287","1992661"
"создание виртуального офиса","2942237","202","1471118"
"организация резервного копирования","7046029","80","2348676"
"администрирование сетей и серверов","1259674","329","629837"
"техническая поддержка рабочих станций и ИТ сервисов","4139224","45","2069612"
"веб-разработка","4353217","136","1451072"
"создание мобильных систем","8349425","294","4174712"
"создание и обслуживание систем контроля доступа к портам и устройствам","3639104","322","1213034"
"организацию антивирусной защиты","6435587","222","2145195"
"решения касающиеся сетевой безопасности и отражения угроз","4789657","239","1596552"
"организация систем видеонаблюдения","671746","99","335873"
"построение и обслуживание структурированных кабельных систем (СКС)","3425326","26","1141775"
"создание и поддержка интеллектуальных медиасистем","4026310","211","1342103"
"телефония","3641043","207","1213681"
"создание виртуального офиса","5504466","236","2752233"
"организация резервного копирования","6370815","126","3185407"
"администрирование сетей и серверов","5951968","86","1983989"
"техническая поддержка рабочих станций и ИТ сервисов","7643015","364","2547671"
"веб-разработка","9463293","168","3154431"
"создание мобильных систем","9775323","190","4887661"
"создание и обслуживание систем контроля доступа к портам и устройствам","3600973","354","1800486"
"организацию антивирусной защиты","312991","314","104330"
"решения касающиеся сетевой безопасности и отражения угроз","5795310","26","1931770"
"организация систем видеонаблюдения","7873450","296","2624483"
"построение и обслуживание структурированных кабельных систем (СКС)","8217455","226","4108727"
"создание и поддержка интеллектуальных медиасистем","8510659","154","4255329"
"телефония","3136801","72","1568400"
"создание виртуального офиса","708372","166","236124"
"организация резервного копирования","3375531","324","1125177"
"администрирование сетей и серверов","8525824","201","4262912"
"техническая поддержка рабочих станций и ИТ сервисов","3040131","121","1520065"
"веб-разработка","7917654","214","2639218"
"создание мобильных систем","4779952","217","1593317"
"создание и обслуживание систем контроля доступа к портам и устройствам","9548020","201","4774010"
"организацию антивирусной защиты","1686997","309","562332"
"решения касающиеся сетевой безопасности и отражения угроз","305123","169","101707"
"организация систем видеонаблюдения","5146705","188","1715568"
"построение и обслуживание структурированных кабельных систем (СКС)","958072","89","479036"
"создание и поддержка интеллектуальных медиасистем","7222480","94","2407493"
"телефония","5269717","206","1756572"
"создание виртуального офиса","7029396","106","3514698"
"организация резервного копирования","7256426","14","3628213"
"администрирование сетей и серверов","696610","194","232203"
"техническая поддержка рабочих станций и ИТ сервисов","4435566","292","1478522"
"веб-разработка","4250979","207","2125489"
"создание мобильных систем","3895767","235","1947883"
"создание и обслуживание систем контроля доступа к портам и устройствам","5686838","244","1895612"
"организацию антивирусной защиты","4681648","316","2340824"
"решения касающиеся сетевой безопасности и отражения угроз","9458624","340","3152874"
"организация систем видеонаблюдения","1271617","80","423872"
"построение и обслуживание структурированных кабельных систем (СКС)","5472114","348","1824038"
"создание и поддержка интеллектуальных медиасистем","1975412","272","658470"
"телефония","6538902","156","2179634"
"создание виртуального офиса","3490898","93","1163632"
"организация резервного копирования","558458","142","186152"
"администрирование сетей и серверов","8116171","70","2705390"
"техническая поддержка рабочих станций и ИТ сервисов","9421578","124","4710789"
"веб-разработка","2534942","58","844980"
"создание мобильных систем","6647474","207","2215824"
"создание и обслуживание систем контроля доступа к портам и устройствам","1396751","86","465583"
"организацию антивирусной защиты","1028976","216","342992"
"решения касающиеся сетевой безопасности и отражения угроз","5261166","60","1753722"
"организация систем видеонаблюдения","3032544","336","1010848"
"построение и обслуживание структурированных кабельных систем (СКС)","6231909","230","2077303"
"создание и поддержка интеллектуальных медиасистем","3306938","17","1102312"
"телефония","9927214","81","3309071"
"создание виртуального офиса","1493616","280","746808"
"организация резервного копирования","6933202","349","3466601"
"администрирование сетей и серверов","3871308","266","1935654"
"техническая поддержка рабочих станций и ИТ сервисов","3325492","122","1662746"
"веб-разработка","3690449","252","1845224"
"создание мобильных систем","7148343","130","2382781"
"создание и обслуживание систем контроля доступа к портам и устройствам","5193514","95","2596757"
"организацию антивирусной защиты","9613131","125","3204377"
"решения касающиеся сетевой безопасности и отражения угроз","7228029","33","2409343"
"организация систем видеонаблюдения","2279562","292","1139781"
"построение и обслуживание структурированных кабельных систем (СКС)","7854738","238","2618246"
"создание и поддержка интеллектуальных медиасистем","4886492","114","2443246"
"телефония","5763989","280","1921329"
"создание виртуального офиса","9153458","196","3051152"
"организация резервного копирования","7304262","259","3652131"
"администрирование сетей и серверов","3461592","21","1730796"
"техническая поддержка рабочих станций и ИТ сервисов","8910987","240","2970329"
"веб-разработка","3486271","257","1162090"
"создание мобильных систем","5480354","257","2740177"
"создание и обслуживание систем контроля доступа к портам и устройствам","1891621","257","945810"
"организацию антивирусной защиты","7075769","191","3537884"
"решения касающиеся сетевой безопасности и отражения угроз","6599299","123","2199766"
"организация систем видеонаблюдения","2839245","168","1419622"
"построение и обслуживание структурированных кабельных систем (СКС)","2001890","231","1000945"
"создание и поддержка интеллектуальных медиасистем","5988975","281","1996325"
"телефония","9891377","252","4945688"
"создание виртуального офиса","8870666","337","2956888"
"организация резервного копирования","4640568","256","2320284"
"администрирование сетей и серверов","5659210","69","1886403"
"техническая поддержка рабочих станций и ИТ сервисов","6794065","216","2264688"
"веб-разработка","8687053","359","4343526"
"создание мобильных систем","3384031","188","1128010"
"создание и обслуживание систем контроля доступа к портам и устройствам","3037792","174","1518896"
"организацию антивирусной защиты","2265692","177","1132846"
"решения касающиеся сетевой безопасности и отражения угроз","1781867","245","593955"
"организация систем видеонаблюдения","1877610","97","625870"
"построение и обслуживание структурированных кабельных систем (СКС)","188056","325","62685"
"создание и поддержка интеллектуальных медиасистем","1428186","173","714093"
"телефония","2561450","240","853816"
"создание виртуального офиса","1757904","79","878952"
"организация резервного копирования","254965","216","84988"
"администрирование сетей и серверов","8052406","60","4026203"
"техническая поддержка рабочих станций и ИТ сервисов","3218007","320","1609003"
"веб-разработка","9843096","126","4921548"
"создание мобильных систем","1460379","83","730189"
"создание и обслуживание систем контроля доступа к портам и устройствам","1738711","23","579570"
"организацию антивирусной защиты","3630432","24","1210144"
"решения касающиеся сетевой безопасности и отражения угроз","1367979","68","455993"
"организация систем видеонаблюдения","1478286","364","739143"
"построение и обслуживание структурированных кабельных систем (СКС)","7119605","19","2373201"
"создание и поддержка интеллектуальных медиасистем","1766794","286","588931"
"телефония","1412369","325","470789"
"создание виртуального офиса","7454247","276","2484749"
"организация резервного копирования","2127962","307","709320"
"администрирование сетей и серверов","8085828","229","2695276"
"техническая поддержка рабочих станций и ИТ сервисов","4449965","141","2224982"
"веб-разработка","8923227","353","2974409"
"создание мобильных систем","8883186","129","2961062"
"создание и обслуживание систем контроля доступа к портам и устройствам","7347238","69","3673619"
"организацию антивирусной защиты","3767084","182","1883542"
"решения касающиеся сетевой безопасности и отражения угроз","992474","142","330824"
"организация систем видеонаблюдения","955721","75","477860"
"построение и обслуживание структурированных кабельных систем (СКС)","4725750","277","2362875"
"создание и поддержка интеллектуальных медиасистем","3561746","199","1780873"
"телефония","1641900","154","547300"
"создание виртуального офиса","8063785","289","2687928"
"организация резервного копирования","8974291","125","4487145"
"администрирование сетей и серверов","8704375","168","2901458"
"техническая поддержка рабочих станций и ИТ сервисов","3183948","265","1061316"
"веб-разработка","9715857","90","3238619"
"создание мобильных систем","4822438","214","2411219"
"создание и обслуживание систем контроля доступа к портам и устройствам","9114838","87","3038279"
"организацию антивирусной защиты","5865245","29","2932622"
"решения касающиеся сетевой безопасности и отражения угроз","7584085","334","3792042"
"организация систем видеонаблюдения","8285663","54","4142831"
"построение и обслуживание структурированных кабельных систем (СКС)","2371478","217","1185739"
"создание и поддержка интеллектуальных медиасистем","2059244","176","686414"
"телефония","9680663","266","4840331"
"создание виртуального офиса","3216150","70","1608075"
"организация резервного копирования","1375571","51","458523"
"администрирование сетей и серверов","319574","67","106524"
"техническая поддержка рабочих станций и ИТ сервисов","8484421","243","2828140"
"веб-разработка","2614410","308","1307205"
"создание мобильных систем","2263575","231","754525"
"создание и обслуживание систем контроля доступа к портам и устройствам","1083863","139","541931"
"организацию антивирусной защиты","9039967","138","4519983"
"решения касающиеся сетевой безопасности и отражения угроз","4483446","272","1494482"
"организация систем видеонаблюдения","3062216","14","1531108"
"построение и обслуживание структурированных кабельных систем (СКС)","6083344","151","2027781"
"создание и поддержка интеллектуальных медиасистем","1929430","160","643143"
"телефония","2372013","246","790671"
"создание виртуального офиса","984508","142","492254"
"организация резервного копирования","8823060","163","2941020"
"администрирование сетей и серверов","4884368","318","2442184"
"техническая поддержка рабочих станций и ИТ сервисов","2419058","335","1209529"
"веб-разработка","1054503","216","351501"
"создание мобильных систем","331183","115","110394"
"создание и обслуживание систем контроля доступа к портам и устройствам","396936","330","198468"
"организацию антивирусной защиты","9088566","77","3029522"
"решения касающиеся сетевой безопасности и отражения угроз","9713141","355","4856570"
"организация систем видеонаблюдения","2791156","22","930385"
"построение и обслуживание структурированных кабельных систем (СКС)","2965715","115","1482857"
"создание и поддержка интеллектуальных медиасистем","6772622","218","3386311"
"телефония","8054803","138","4027401"
"создание виртуального офиса","8057729","197","4028864"
"организация резервного копирования","6526877","316","2175625"
"администрирование сетей и серверов","4378224","35","1459408"
"техническая поддержка рабочих станций и ИТ сервисов","2899783","246","1449891"
"веб-разработка","6044433","295","3022216"
"создание мобильных систем","8684370","282","2894790"
"создание и обслуживание систем контроля доступа к портам и устройствам","8819243","233","2939747"
"организацию антивирусной защиты","1971488","199","985744"
"решения касающиеся сетевой безопасности и отражения угроз","3721214","149","1860607"
"организация систем видеонаблюдения","7900600","257","2633533"
"построение и обслуживание структурированных кабельных систем (СКС)","6720193","124","2240064"
"создание и поддержка интеллектуальных медиасистем","3915943","169","1305314"
"телефония","3666576","250","1833288"
"создание виртуального офиса","9328121","137","3109373"
"организация резервного копирования","585346","156","292673"
"администрирование сетей и серверов","6773269","133","3386634"
"техническая поддержка рабочих станций и ИТ сервисов","3739943","200","1869971"
"веб-разработка","4879263","344","2439631"
"создание мобильных систем","8157349","303","4078674"
"создание и обслуживание систем контроля доступа к портам и устройствам","494335","37","164778"
"организацию антивирусной защиты","4729441","126","1576480"
"решения касающиеся сетевой безопасности и отражения угроз","6644376","68","3322188"
"организация систем видеонаблюдения","938149","356","312716"
"построение и обслуживание структурированных кабельных систем (СКС)","1392909","17","464303"
"создание и поддержка интеллектуальных медиасистем","1553928","206","517976"
"телефония","2860601","31","953533"
"создание виртуального офиса","6992214","177","2330738"
"организация резервного копирования","6637672","343","2212557"
"администрирование сетей и серверов","3465723","256","1732861"
"техническая поддержка рабочих станций и ИТ сервисов","8172287","71","2724095"
"веб-разработка","2762498","250","1381249"
"создание мобильных систем","4143697","29","1381232"
"создание и обслуживание систем контроля доступа к портам и устройствам","5665815","203","2832907"
"организацию антивирусной защиты","4055089","81","1351696"
"решения касающиеся сетевой безопасности и отражения угроз","5174693","188","2587346"
"организация систем видеонаблюдения","8316846","98","4158423"
"построение и обслуживание структурированных кабельных систем (СКС)","5345602","42","1781867"
"создание и поддержка интеллектуальных медиасистем","9996032","182","3332010"
"телефония","1290945","289","645472"
"создание виртуального офиса","583327","233","291663"
"организация резервного копирования","1592373","68","796186"
"администрирование сетей и серверов","2265680","87","1132840"
"техническая поддержка рабочих станций и ИТ сервисов","6905183","29","2301727"
"веб-разработка","6054799","176","3027399"
"создание мобильных систем","7749379","15","3874689"
"создание и обслуживание систем контроля доступа к портам и устройствам","9748561","26","4874280"
"организацию антивирусной защиты","6299811","213","2099937"
"решения касающиеся сетевой безопасности и отражения угроз","3135462","43","1045154"
"организация систем видеонаблюдения","5548009","244","1849336"
"построение и обслуживание структурированных кабельных систем (СКС)","7832742","249","2610914"
"создание и поддержка интеллектуальных медиасистем","9218346","257","3072782"
"телефония","3392411","88","1130803"
"создание виртуального офиса","9683924","31","3227974"
"организация резервного копирования","3556518","363","1778259"
"администрирование сетей и серверов","2422915","52","1211457"
"техническая поддержка рабочих станций и ИТ сервисов","5773287","300","1924429"
"веб-разработка","7480330","258","2493443"
"создание мобильных систем","7819553","34","2606517"
"создание и обслуживание систем контроля доступа к портам и устройствам","3454567","83","1151522"
"организацию антивирусной защиты","7180277","118","3590138"
"решения касающиеся сетевой безопасности и отражения угроз","322422","171","161211"
"организация систем видеонаблюдения","4615802","263","2307901"
"построение и обслуживание структурированных кабельных систем (СКС)","5732406","218","2866203"
"создание и поддержка интеллектуальных медиасистем","2921237","275","1460618"
"телефония","4083924","272","1361308"
"создание виртуального офиса","8863315","299","2954438"
"организация резервного копирования","8765263","208","4382631"
"администрирование сетей и серверов","8138479","207","2712826"
"техническая поддержка рабочих станций и ИТ сервисов","3220564","83","1073521"
"веб-разработка","4567879","247","1522626"
"создание мобильных систем","1016556","245","508278"
"создание и обслуживание систем контроля доступа к портам и устройствам","2604437","201","868145"
"организацию антивирусной защиты","2514894","83","838298"
"решения касающиеся сетевой безопасности и отражения угроз","5091824","167","2545912"
"организация систем видеонаблюдения","6628568","121","3314284"
"построение и обслуживание структурированных кабельных систем (СКС)","7765970","84","2588656"
"создание и поддержка интеллектуальных медиасистем","9679203","42","3226401"
"телефония","172584","225","86292"
"создание виртуального офиса","2043086","27","1021543"
"организация резервного копирования","8232446","255","2744148"
"администрирование сетей и серверов","2845164","114","948388"
"техническая поддержка рабочих станций и ИТ сервисов","1433293","107","716646"
"веб-разработка","2087247","259","695749"
"создание мобильных систем","8849939","355","4424969"
"создание и обслуживание систем контроля доступа к портам и устройствам","1723842","155","861921"
"организацию антивирусной защиты","4153630","175","1384543"
"решения касающиеся сетевой безопасности и отражения угроз","8391455","248","4195727"
"организация систем видеонаблюдения","3425786","335","1712893"
"построение и обслуживание структурированных кабельных систем (СКС)","7855049","17","2618349"
"создание и поддержка интеллектуальных медиасистем","4224994","170","2112497"
"телефония","5628381","90","2814190"
"создание виртуального офиса","1515518","101","505172"
"организация резервного копирования","9212985","291","4606492"
"администрирование сетей и серверов","4419656","15","1473218"
"техническая поддержка рабочих станций и ИТ сервисов","8881118","86","4440559"
"веб-разработка","3552163","202","1184054"
"создание мобильных систем","6015274","356","3007637"
"создание и обслуживание систем контроля доступа к портам и устройствам","5306344","32","2653172"
"организацию антивирусной защиты","6072228","195","3036114"
"решения касающиеся сетевой безопасности и отражения угроз","9193583","67","4596791"
"организация систем видеонаблюдения","3691163","205","1845581"
"построение и обслуживание структурированных кабельных систем (СКС)","440232","282","220116"
"создание и поддержка интеллектуальных медиасистем","4540832","25","1513610"
"телефония","5362566","302","1787522"
"создание виртуального офиса","2022783","336","1011391"
"организация резервного копирования","8994012","57","4497006"
"администрирование сетей и серверов","1739649","186","579883"
"техническая поддержка рабочих станций и ИТ сервисов","2075764","59","1037882"
"веб-разработка","8145638","176","2715212"
"создание мобильных систем","7311557","69","3655778"
"создание и обслуживание систем контроля доступа к портам и устройствам","8927159","32","2975719"
"организацию антивирусной защиты","4424386","292","2212193"
"решения касающиеся сетевой безопасности и отражения угроз","6583747","25","2194582"
"организация систем видеонаблюдения","212601","184","70867"
"построение и обслуживание структурированных кабельных систем (СКС)","1099593","213","549796"
"создание и поддержка интеллектуальных медиасистем","9393516","106","3131172"
"телефония","4463167","332","1487722"
"создание виртуального офиса","9193379","47","4596689"
"организация резервного копирования","9041583","264","4520791"
"администрирование сетей и серверов","3783961","136","1261320"
"техническая поддержка рабочих станций и ИТ сервисов","8944225","277","2981408"
"веб-разработка","8515181","257","4257590"
"создание мобильных систем","976586","16","488293"
"создание и обслуживание систем контроля доступа к портам и устройствам","8280792","346","2760264"
"организацию антивирусной защиты","5082796","251","2541398"
"решения касающиеся сетевой безопасности и отражения угроз","3900205","70","1950102"
"организация систем видеонаблюдения","1277982","227","638991"
"построение и обслуживание структурированных кабельных систем (СКС)","4302959","302","1434319"
"создание и поддержка интеллектуальных медиасистем","7792021","316","3896010"
"телефония","2957848","200","985949"
"создание виртуального офиса","451185","251","225592"
"организация резервного копирования","6528907","62","2176302"
"администрирование сетей и серверов","5100650","322","2550325"
"техническая поддержка рабочих станций и ИТ сервисов","5268848","223","2634424"
"веб-разработка","5083925","131","2541962"
"создание мобильных систем","5092828","279","2546414"
"создание и обслуживание систем контроля доступа к портам и устройствам","7907639","46","3953819"
"организацию антивирусной защиты","8539533","35","4269766"
"решения касающиеся сетевой безопасности и отражения угроз","9502073","97","3167357"
"организация систем видеонаблюдения","8038205","281","2679401"
"построение и обслуживание структурированных кабельных систем (СКС)","8338858","165","2779619"
"создание и поддержка интеллектуальных медиасистем","234962","328","78320"
"телефония","9033206","62","3011068"
"создание виртуального офиса","7410690","300","3705345"
"организация резервного копирования","6381903","153","2127301"
"администрирование сетей и серверов","9252491","190","4626245"
"техническая поддержка рабочих станций и ИТ сервисов","8063688","290","4031844"
"веб-разработка","4945790","149","1648596"
"создание мобильных систем","7215578","323","2405192"
"создание и обслуживание систем контроля доступа к портам и устройствам","2244678","346","1122339"
"организацию антивирусной защиты","6682906","174","2227635"
"решения касающиеся сетевой безопасности и отражения угроз","5514734","34","1838244"
"организация систем видеонаблюдения","168930","355","56310"
"построение и обслуживание структурированных кабельных систем (СКС)","2022603","102","1011301"
"создание и поддержка интеллектуальных медиасистем","8102810","157","2700936"
"телефония","1634502","223","544834"
"создание виртуального офиса","661290","194","330645"
"организация резервного копирования","4165465","214","2082732"
"администрирование сетей и серверов","4671180","56","1557060"
"техническая поддержка рабочих станций и ИТ сервисов","5564821","49","1854940"
"веб-разработка","1853596","233","926798"
"создание мобильных систем","1644894","170","548298"
"создание и обслуживание систем контроля доступа к портам и устройствам","8640314","229","4320157"
"организацию антивирусной защиты","7971415","217","3985707"
"решения касающиеся сетевой безопасности и отражения угроз","4042159","260","1347386"
"организация систем видеонаблюдения","8979186","154","2993062"
"построение и обслуживание структурированных кабельных систем (СКС)","9078824","121","3026274"
"создание и поддержка интеллектуальных медиасистем","4179831","345","1393277"
"телефония","2855655","364","1427827"
"создание виртуального офиса","4274929","36","2137464"
"организация резервного копирования","635653","114","317826"
"администрирование сетей и серверов","6011743","159","3005871"
"техническая поддержка рабочих станций и ИТ сервисов","3511803","274","1755901"
"веб-разработка","8936115","236","2978705"
"создание мобильных систем","1701214","275","850607"
"создание и обслуживание систем контроля доступа к портам и устройствам","3420222","74","1140074"
"организацию антивирусной защиты","4439089","354","1479696"
"решения касающиеся сетевой безопасности и отражения угроз","7701194","145","2567064"
"организация систем видеонаблюдения","3202669","226","1601334"
"построение и обслуживание структурированных кабельных систем (СКС)","6567828","209","2189276"
"создание и поддержка интеллектуальных медиасистем","3983974","191","1991987"
"телефония","2171831","157","1085915"
"создание виртуального офиса","6152303","269","3076151"
"организация резервного копирования","9776957","234","4888478"
"администрирование сетей и серверов","4127562","344","2063781"
"техническая поддержка рабочих станций и ИТ сервисов","3866250","318","1288750"
"веб-разработка","2606516","111","1303258"
"создание мобильных систем","3415159","112","1138386"
"создание и обслуживание систем контроля доступа к портам и устройствам","4800647","254","2400323"
"организацию антивирусной защиты","7919668","362","2639889"
"решения касающиеся сетевой безопасности и отражения угроз","9568303","258","3189434"
"организация систем видеонаблюдения","3546930","72","1773465"
"построение и обслуживание структурированных кабельных систем (СКС)","6696227","150","3348113"
"создание и поддержка интеллектуальных медиасистем","1413706","164","706853"
"телефония","1912076","154","956038"
"создание виртуального офиса","9975028","156","3325009"
"организация резервного копирования","1807707","318","602569"
"администрирование сетей и серверов","5825848","262","2912924"
"техническая поддержка рабочих станций и ИТ сервисов","8190689","145","4095344"
"веб-разработка","5116902","194","1705634"
"создание мобильных систем","5707055","200","1902351"
"создание и обслуживание систем контроля доступа к портам и устройствам","9545472","320","4772736"
"организацию антивирусной защиты","5107869","22","2553934"
"решения касающиеся сетевой безопасности и отражения угроз","4350750","15","1450250"
"организация систем видеонаблюдения","9837245","23","4918622"
"построение и обслуживание структурированных кабельных систем (СКС)","5083150","361","2541575"
"создание и поддержка интеллектуальных медиасистем","3697630","41","1232543"
"телефония","616201","277","205400"
"создание виртуального офиса","6035333","166","2011777"
"организация резервного копирования","4666617","221","2333308"
"администрирование сетей и серверов","6653279","216","2217759"
"техническая поддержка рабочих станций и ИТ сервисов","2890645","218","1445322"
"веб-разработка","4623531","46","2311765"
"создание мобильных систем","9232472","55","3077490"
"создание и обслуживание систем контроля доступа к портам и устройствам","6038638","61","2012879"
"организацию антивирусной защиты","2248792","213","1124396"
"решения касающиеся сетевой безопасности и отражения угроз","9574459","305","3191486"
"организация систем видеонаблюдения","8347198","206","4173599"
"построение и обслуживание структурированных кабельных систем (СКС)","5464539","297","1821513"
"создание и поддержка интеллектуальных медиасистем","5382241","326","1794080"
"телефония","5350023","189","2675011"
"создание виртуального офиса","194131","95","97065"
"организация резервного копирования","3419980","363","1139993"
"администрирование сетей и серверов","1448153","348","482717"
"техническая поддержка рабочих станций и ИТ сервисов","2886476","29","962158"
"веб-разработка","7399345","139","3699672"
"создание мобильных систем","9625389","209","4812694"
"создание и обслуживание систем контроля доступа к портам и устройствам","5498229","152","1832743"
"организацию антивирусной защиты","9021139","132","4510569"
"решения касающиеся сетевой безопасности и отражения угроз","1554392","201","777196"
"организация систем видеонаблюдения","3966661","160","1322220"
"построение и обслуживание структурированных кабельных систем (СКС)","8664123","334","4332061"
"создание и поддержка интеллектуальных медиасистем","9133971","280","4566985"
"телефония","8841262","237","4420631"
"создание виртуального офиса","9059684","148","4529842"
"организация резервного копирования","8070767","39","2690255"
"администрирование сетей и серверов","1651603","22","825801"
"техническая поддержка рабочих станций и ИТ сервисов","7215575","273","3607787"
"веб-разработка","6102265","51","2034088"
"создание мобильных систем","2663641","291","1331820"
"создание и обслуживание систем контроля доступа к портам и устройствам","4512237","28","1504079"
"организацию антивирусной защиты","3164812","241","1582406"
"решения касающиеся сетевой безопасности и отражения угроз","4072576","158","1357525"
"организация систем видеонаблюдения","6402772","193","3201386"
"построение и обслуживание структурированных кабельных систем (СКС)","9842190","124","4921095"
"создание и поддержка интеллектуальных медиасистем","6692443","89","2230814"
"телефония","4924216","173","2462108"
"создание виртуального офиса","8066837","213","2688945"
"организация резервного копирования","6699419","69","2233139"
"администрирование сетей и серверов","9657659","263","4828829"
"техническая поддержка рабочих станций и ИТ сервисов","2161779","15","720593"
"веб-разработка","1044118","279","348039"
"создание мобильных систем","5129069","255","1709689"
"создание и обслуживание систем контроля доступа к портам и устройствам","1988907","183","994453"
"организацию антивирусной защиты","621702","70","310851"
"решения касающиеся сетевой безопасности и отражения угроз","9581566","47","4790783"
"организация систем видеонаблюдения","3868797","51","1934398"
"построение и обслуживание структурированных кабельных систем (СКС)","7428774","322","3714387"
"создание и поддержка интеллектуальных медиасистем","6789376","264","2263125"
"телефония","7839471","288","3919735"
"создание виртуального офиса","9335194","283","4667597"
"организация резервного копирования","5103012","79","1701004"
"администрирование сетей и серверов","1806040","219","602013"
"техническая поддержка рабочих станций и ИТ сервисов","218508","46","72836"
"веб-разработка","3197712","312","1598856"
"создание мобильных систем","1029823","86","343274"
"создание и обслуживание систем контроля доступа к портам и устройствам","4187909","293","1395969"
"организацию антивирусной защиты","3209986","297","1069995"
"решения касающиеся сетевой безопасности и отражения угроз","6613601","123","3306800"
"организация систем видеонаблюдения","5231444","259","1743814"
"построение и обслуживание структурированных кабельных систем (СКС)","7947968","104","2649322"
"создание и поддержка интеллектуальных медиасистем","8478383","49","2826127"
"телефония","8347384","24","4173692"
"создание виртуального офиса","1318358","337","659179"
"организация резервного копирования","5727270","187","2863635"
"администрирование сетей и серверов","1078931","236","359643"
"техническая поддержка рабочих станций и ИТ сервисов","1990101","278","995050"
"веб-разработка","6542036","283","2180678"
"создание мобильных систем","795207","282","397603"
"создание и обслуживание систем контроля доступа к портам и устройствам","5683180","102","1894393"
"организацию антивирусной защиты","1278646","252","426215"
"решения касающиеся сетевой безопасности и отражения угроз","4379553","103","2189776"
"организация систем видеонаблюдения","2391115","291","797038"
"построение и обслуживание структурированных кабельных систем (СКС)","9074782","230","3024927"
"создание и поддержка интеллектуальных медиасистем","5610030","62","2805015"
"телефония","994243","123","497121"
"создание виртуального офиса","2906966","162","968988"
"организация резервного копирования","4974072","56","1658024"
"администрирование сетей и серверов","1560029","177","520009"
"техническая поддержка рабочих станций и ИТ сервисов","4016842","68","1338947"
"веб-разработка","1503926","328","501308"
"создание мобильных систем","1066037","321","355345"
"создание и обслуживание систем контроля доступа к портам и устройствам","4588913","300","1529637"
"организацию антивирусной защиты","1983134","274","661044"
"решения касающиеся сетевой безопасности и отражения угроз","2439628","215","813209"
"организация систем видеонаблюдения","6069471","68","3034735"
"построение и обслуживание структурированных кабельных систем (СКС)","9776825","49","4888412"
"создание и поддержка интеллектуальных медиасистем","5976881","53","1992293"
"телефония","1792725","123","896362"
"создание виртуального офиса","1226222","281","408740"
"организация резервного копирования","3390530","313","1695265"
"администрирование сетей и серверов","8293907","48","2764635"
"техническая поддержка рабочих станций и ИТ сервисов","2661844","245","887281"
"веб-разработка","8121805","313","4060902"
"создание мобильных систем","3163856","161","1054618"
"создание и обслуживание систем контроля доступа к портам и устройствам","8972356","158","4486178"
"организацию антивирусной защиты","2476094","315","825364"
"решения касающиеся сетевой безопасности и отражения угроз","1689149","33","844574"
"организация систем видеонаблюдения","5631867","68","2815933"
"построение и обслуживание структурированных кабельных систем (СКС)","3884293","277","1942146"
"создание и поддержка интеллектуальных медиасистем","9570530","222","4785265"
"телефония","8820531","40","2940177"
"создание виртуального офиса","5407683","308","1802561"
"организация резервного копирования","4617735","250","1539245"
"администрирование сетей и серверов","5905683","82","2952841"
"техническая поддержка рабочих станций и ИТ сервисов","4359229","19","1453076"
"веб-разработка","6661617","185","2220539"
"создание мобильных систем","1493893","153","497964"
"создание и обслуживание систем контроля доступа к портам и устройствам","3112787","265","1037595"
"организацию антивирусной защиты","9404195","38","4702097"
"решения касающиеся сетевой безопасности и отражения угроз","1294123","72","647061"
"организация систем видеонаблюдения","8481582","326","4240791"
"построение и обслуживание структурированных кабельных систем (СКС)","4791933","304","1597311"
"создание и поддержка интеллектуальных медиасистем","1497640","150","499213"
"телефония","3577748","152","1788874"
"создание виртуального офиса","8597018","280","4298509"
"организация резервного копирования","9889359","233","3296453"
"администрирование сетей и серверов","5919503","275","2959751"
"техническая поддержка рабочих станций и ИТ сервисов","8018622","104","2672874"
"веб-разработка","2053310","142","1026655"
"создание мобильных систем","9690323","233","3230107"
"создание и обслуживание систем контроля доступа к портам и устройствам","4420090","83","2210045"
"организацию антивирусной защиты","8936684","170","2978894"
"решения касающиеся сетевой безопасности и отражения угроз","2790842","89","930280"
"организация систем видеонаблюдения","9675816","21","3225272"
"построение и обслуживание структурированных кабельных систем (СКС)","865645","176","288548"
"создание и поддержка интеллектуальных медиасистем","9869577","225","4934788"
"телефония","9750767","284","3250255"
"создание виртуального офиса","9515314","281","4757657"
"организация резервного копирования","7439985","341","2479995"
"администрирование сетей и серверов","1916607","73","958303"
"техническая поддержка рабочих станций и ИТ сервисов","6781678","360","3390839"
"веб-разработка","8059002","304","2686334"
"создание мобильных систем","9340277","231","3113425"
"создание и обслуживание систем контроля доступа к портам и устройствам","9891093","264","4945546"
"организацию антивирусной защиты","6492524","329","2164174"
"решения касающиеся сетевой безопасности и отражения угроз","675171","46","337585"
"организация систем видеонаблюдения","8136335","128","2712111"
"построение и обслуживание структурированных кабельных систем (СКС)","1498792","259","749396"
"создание и поддержка интеллектуальных медиасистем","2925169","312","975056"
"телефония","6058443","268","3029221"
"создание виртуального офиса","6826944","66","2275648"
"организация резервного копирования","4737988","288","2368994"
"администрирование сетей и серверов","9737712","301","3245904"
"техническая поддержка рабочих станций и ИТ сервисов","5232729","269","1744243"
"веб-разработка","5336214","206","2668107"
"создание мобильных систем","6954687","266","2318229"
"создание и обслуживание систем контроля доступа к портам и устройствам","7512049","355","2504016"
"организацию антивирусной защиты","5467178","138","1822392"
"решения касающиеся сетевой безопасности и отражения угроз","452395","258","226197"
"организация систем видеонаблюдения","5917106","118","2958553"
"построение и обслуживание структурированных кабельных систем (СКС)","447946","299","223973"
"создание и поддержка интеллектуальных медиасистем","3912114","255","1304038"
"телефония","582762","17","194254"
"создание виртуального офиса","9149173","214","3049724"
"организация резервного копирования","8207532","176","2735844"
"администрирование сетей и серверов","8209489","293","4104744"
"техническая поддержка рабочих станций и ИТ сервисов","4157842","70","2078921"
"веб-разработка","135446","185","67723"
"создание мобильных систем","3467833","132","1155944"
"создание и обслуживание систем контроля доступа к портам и устройствам","5179219","152","2589609"
"организацию антивирусной защиты","2839186","117","946395"
"решения касающиеся сетевой безопасности и отражения угроз","9108662","334","4554331"
"организация систем видеонаблюдения","6755028","255","2251676"
"построение и обслуживание структурированных кабельных систем (СКС)","8120164","349","4060082"
"создание и поддержка интеллектуальных медиасистем","8194708","297","4097354"
"телефония","3773760","139","1886880"
"создание виртуального офиса","8288113","228","2762704"
"организация резервного копирования","5798063","112","2899031"
"администрирование сетей и серверов","175895","328","58631"
"техническая поддержка рабочих станций и ИТ сервисов","4584518","235","2292259"
"веб-разработка","1295915","148","647957"
"создание мобильных систем","6411345","89","2137115"
"создание и обслуживание систем контроля доступа к портам и устройствам","3328661","224","1109553"
"организацию антивирусной защиты","9923802","37","3307934"
"решения касающиеся сетевой безопасности и отражения угроз","6475540","199","3237770"
"организация систем видеонаблюдения","5107166","43","1702388"
"построение и обслуживание структурированных кабельных систем (СКС)","6467203","66","3233601"
"создание и поддержка интеллектуальных медиасистем","8494918","58","4247459"
"телефония","2641639","18","1320819"
"создание виртуального офиса","4094159","357","1364719"
"организация резервного копирования","1192567","136","397522"
"администрирование сетей и серверов","8368265","114","2789421"
"техническая поддержка рабочих станций и ИТ сервисов","7164057","180","3582028"
"веб-разработка","7728423","305","2576141"
"создание мобильных систем","3698499","244","1849249"
"создание и обслуживание систем контроля доступа к портам и устройствам","4649679","53","1549893"
"организацию антивирусной защиты","8271150","56","2757050"
"решения касающиеся сетевой безопасности и отражения угроз","5733697","141","1911232"
"организация систем видеонаблюдения","2985759","265","1492879"
"построение и обслуживание структурированных кабельных систем (СКС)","4370408","190","2185204"
"создание и поддержка интеллектуальных медиасистем","1477048","155","492349"
"телефония","6910405","218","2303468"
"создание виртуального офиса","2739700","117","913233"
"организация резервного копирования","9219515","305","4609757"
"администрирование сетей и серверов","7848146","66","2616048"
"техническая поддержка рабочих станций и ИТ сервисов","6309462","263","2103154"
"веб-разработка","2002521","320","667507"
"создание мобильных систем","3600348","44","1200116"
"создание и обслуживание систем контроля доступа к портам и устройствам","576458","360","288229"
"организацию антивирусной защиты","693946","336","231315"
"решения касающиеся сетевой безопасности и отражения угроз","9770785","24","3256928"
"организация систем видеонаблюдения","6427703","189","3213851"
"построение и обслуживание структурированных кабельных систем (СКС)","9613528","276","3204509"
"создание и поддержка интеллектуальных медиасистем","711813","267","355906"
"телефония","6632195","227","2210731"
"создание виртуального офиса","3741343","71","1870671"
"организация резервного копирования","8299360","225","4149680"
"администрирование сетей и серверов","2033397","282","1016698"
"техническая поддержка рабочих станций и ИТ сервисов","3970367","150","1985183"
"веб-разработка","7241024","348","3620512"
"создание мобильных систем","6627124","80","2209041"
"создание и обслуживание систем контроля доступа к портам и устройствам","8222679","177","2740893"
"организацию антивирусной защиты","3273432","117","1091144"
"решения касающиеся сетевой безопасности и отражения угроз","6713104","223","3356552"
"организация систем видеонаблюдения","5581766","121","1860588"
"построение и обслуживание структурированных кабельных систем (СКС)","6851849","202","3425924"
"создание и поддержка интеллектуальных медиасистем","5969839","189","1989946"
"телефония","5812740","345","1937580"
"создание виртуального офиса","2922253","52","1461126"
"организация резервного копирования","6694042","135","2231347"
"администрирование сетей и серверов","1312221","272","656110"
"техническая поддержка рабочих станций и ИТ сервисов","7941920","356","2647306"
"веб-разработка","3134131","126","1567065"
"создание мобильных систем","2720270","191","1360135"
"создание и обслуживание систем контроля доступа к портам и устройствам","924620","107","462310"
"организацию антивирусной защиты","7963078","152","2654359"
"решения касающиеся сетевой безопасности и отражения угроз","5007066","232","1669022"
"организация систем видеонаблюдения","1637470","82","545823"
"построение и обслуживание структурированных кабельных систем (СКС)","6977843","74","2325947"
"создание и поддержка интеллектуальных медиасистем","1981456","267","990728"
"телефония","7803913","310","3901956"
"создание виртуального офиса","2554012","137","851337"
"организация резервного копирования","5473004","36","1824334"
"администрирование сетей и серверов","5608632","138","1869544"
"техническая поддержка рабочих станций и ИТ сервисов","3259319","142","1629659"
"веб-разработка","7350355","132","3675177"
"создание мобильных систем","7084403","145","2361467"
"создание и обслуживание систем контроля доступа к портам и устройствам","8124500","69","2708166"
"организацию антивирусной защиты","2519090","80","1259545"
"решения касающиеся сетевой безопасности и отражения угроз","1128173","202","564086"
"организация систем видеонаблюдения","5139485","169","2569742"
"построение и обслуживание структурированных кабельных систем (СКС)","9341407","364","3113802"
"создание и поддержка интеллектуальных медиасистем","7352299","138","3676149"
"телефония","3483695","115","1161231"
"создание виртуального офиса","3216562","291","1608281"
"организация резервного копирования","6047794","123","3023897"
"администрирование сетей и серверов","3302754","30","1651377"
"техническая поддержка рабочих станций и ИТ сервисов","2942047","49","980682"
"веб-разработка","6724649","349","3362324"
"создание мобильных систем","1164530","298","388176"
"создание и обслуживание систем контроля доступа к портам и устройствам","2854826","184","1427413"
"организацию антивирусной защиты","9194694","237","3064898"
"решения касающиеся сетевой безопасности и отражения угроз","8623103","83","2874367"
"организация систем видеонаблюдения","6628259","125","3314129"
"построение и обслуживание структурированных кабельных систем (СКС)","7956473","30","2652157"
"создание и поддержка интеллектуальных медиасистем","7597168","165","2532389"
"телефония","5355348","31","1785116"
"создание виртуального офиса","7177403","72","2392467"
"организация резервного копирования","9158351","275","4579175"
"администрирование сетей и серверов","7907887","144","2635962"
"техническая поддержка рабочих станций и ИТ сервисов","3044674","204","1014891"
"веб-разработка","9829585","336","3276528"
"создание мобильных систем","9519392","161","3173130"
"создание и обслуживание систем контроля доступа к портам и устройствам","9064703","95","3021567"
"организацию антивирусной защиты","8679450","69","2893150"
"решения касающиеся сетевой безопасности и отражения угроз","8083187","218","4041593"
"организация систем видеонаблюдения","8984351","40","4492175"
"построение и обслуживание структурированных кабельных систем (СКС)","3288101","64","1644050"
"создание и поддержка интеллектуальных медиасистем","2372893","130","790964"
"телефония","859479","302","286493"
"создание виртуального офиса","7471368","294","3735684"
"организация резервного копирования","2644465","236","1322232"
"администрирование сетей и серверов","9053140","36","3017713"
"техническая поддержка рабочих станций и ИТ сервисов","1093097","333","364365"
"веб-разработка","3361962","267","1680981"
"создание мобильных систем","9273539","332","3091179"
"создание и обслуживание систем контроля доступа к портам и устройствам","5080524","137","1693508"
"организацию антивирусной защиты","5492612","84","1830870"
"решения касающиеся сетевой безопасности и отражения угроз","4815856","150","1605285"
"организация систем видеонаблюдения","5181034","132","2590517"
"построение и обслуживание структурированных кабельных систем (СКС)","7488049","145","3744024"
"создание и поддержка интеллектуальных медиасистем","6510492","150","2170164"
"телефония","2265611","71","755203"
"создание виртуального офиса","1425670","36","475223"
"организация резервного копирования","9728838","148","4864419"
"администрирование сетей и серверов","6365783","322","2121927"
"техническая поддержка рабочих станций и ИТ сервисов","4480702","212","1493567"
"веб-разработка","3779743","139","1259914"
"создание мобильных систем","8828540","96","4414270"
"создание и обслуживание систем контроля доступа к портам и устройствам","4463973","254","2231986"
"организацию антивирусной защиты","2244527","361","748175"
"решения касающиеся сетевой безопасности и отражения угроз","4182523","23","2091261"
"организация систем видеонаблюдения","4028483","241","1342827"
"построение и обслуживание структурированных кабельных систем (СКС)","4323874","184","2161937"
"создание и поддержка интеллектуальных медиасистем","9429962","224","3143320"
"телефония","3641345","50","1820672"
"создание виртуального офиса","9070028","162","3023342"
"организация резервного копирования","8851173","80","4425586"
"администрирование сетей и серверов","8747710","76","4373855"
"техническая поддержка рабочих станций и ИТ сервисов","8997429","256","4498714"
"веб-разработка","2997068","239","1498534"
"создание мобильных систем","2045816","65","1022908"
"создание и обслуживание систем контроля доступа к портам и устройствам","5806149","220","2903074"
"организацию антивирусной защиты","5498295","208","2749147"
"решения касающиеся сетевой безопасности и отражения угроз","5419202","273","2709601"
"организация систем видеонаблюдения","4641412","218","1547137"
"построение и обслуживание структурированных кабельных систем (СКС)","3688055","303","1229351"
"создание и поддержка интеллектуальных медиасистем","2684473","309","894824"
"телефония","5111752","117","1703917"
"создание виртуального офиса","6427780","198","3213890"
"организация резервного копирования","984205","128","328068"
"администрирование сетей и серверов","6020059","187","2006686"
"техническая поддержка рабочих станций и ИТ сервисов","3572229","233","1786114"
"веб-разработка","2345028","285","781676"
"создание мобильных систем","2840064","115","946688"
"создание и обслуживание систем контроля доступа к портам и устройствам","1542629","198","771314"
"организацию антивирусной защиты","1298527","124","432842"
"решения касающиеся сетевой безопасности и отражения угроз","6049333","179","2016444"
"организация систем видеонаблюдения","788240","194","394120"
"построение и обслуживание структурированных кабельных систем (СКС)","2069088","232","689696"
"создание и поддержка интеллектуальных медиасистем","5531022","240","2765511"
"телефония","3650800","269","1216933"
"создание виртуального офиса","1746561","251","873280"
"организация резервного копирования","116465","131","58232"
"администрирование сетей и серверов","4431979","314","2215989"
"техническая поддержка рабочих станций и ИТ сервисов","6166852","263","3083426"
"веб-разработка","7846591","179","2615530"
"создание мобильных систем","3296083","148","1648041"
"создание и обслуживание систем контроля доступа к портам и устройствам","4813063","172","1604354"
"организацию антивирусной защиты","5011614","119","1670538"
"решения касающиеся сетевой безопасности и отражения угроз","2064450","180","688150"
"организация систем видеонаблюдения","6333936","329","3166968"
"построение и обслуживание структурированных кабельных систем (СКС)","9486680","150","3162226"
"создание и поддержка интеллектуальных медиасистем","4920500","21","2460250"
"телефония","2204204","337","1102102"
"создание виртуального офиса","4872252","121","2436126"
"организация резервного копирования","3992782","327","1996391"
"администрирование сетей и серверов","2357166","37","785722"
"техническая поддержка рабочих станций и ИТ сервисов","4342319","159","2171159"
"веб-разработка","3298606","150","1099535"
"создание мобильных систем","9927364","146","4963682"
"создание и обслуживание систем контроля доступа к портам и устройствам","4869233","184","2434616"
"организацию антивирусной защиты","2091949","274","697316"
"решения касающиеся сетевой безопасности и отражения угроз","8599867","203","4299933"
"организация систем видеонаблюдения","6548114","117","3274057"
"построение и обслуживание структурированных кабельных систем (СКС)","770857","313","385428"
"создание и поддержка интеллектуальных медиасистем","9809207","223","3269735"
"телефония","3313841","248","1656920"
"создание виртуального офиса","4512000","222","1504000"
"организация резервного копирования","2867635","118","1433817"
"администрирование сетей и серверов","4533622","303","2266811"
"техническая поддержка рабочих станций и ИТ сервисов","7341773","308","2447257"
"веб-разработка","610676","276","305338"
"создание мобильных систем","6416260","133","3208130"
"создание и обслуживание систем контроля доступа к портам и устройствам","5353192","24","1784397"
"организацию антивирусной защиты","7576441","168","2525480"
"решения касающиеся сетевой безопасности и отражения угроз","1314956","88","438318"
"организация систем видеонаблюдения","7208057","345","3604028"
"построение и обслуживание структурированных кабельных систем (СКС)","5156322","203","2578161"
"создание и поддержка интеллектуальных медиасистем","7103813","205","3551906"
"телефония","3198824","161","1066274"
"создание виртуального офиса","2549373","147","1274686"
"организация резервного копирования","3695989","197","1847994"
"администрирование сетей и серверов","3096225","53","1548112"
"техническая поддержка рабочих станций и ИТ сервисов","6348030","234","2116010"
"веб-разработка","4485584","99","1495194"
"создание мобильных систем","6333547","143","3166773"
"создание и обслуживание систем контроля доступа к портам и устройствам","8460085","269","2820028"
"организацию антивирусной защиты","308209","288","102736"
"решения касающиеся сетевой безопасности и отражения угроз","9604538","228","4802269"
"организация систем видеонаблюдения","766960","204","383480"
"построение и обслуживание структурированных кабельных систем (СКС)","2974334","133","1487167"
"создание и поддержка интеллектуальных медиасистем","2907900","117","969300"
"телефония","4039436","300","2019718"
"создание виртуального офиса","1753101","101","876550"
"организация резервного копирования","259525","347","129762"
"администрирование сетей и серверов","8171399","226","2723799"
"техническая поддержка рабочих станций и ИТ сервисов","4925102","59","2462551"
"веб-разработка","8370831","293","2790277"
"создание мобильных систем","7081948","92","2360649"
"создание и обслуживание систем контроля доступа к портам и устройствам","725372","113","362686"
"организацию антивирусной защиты","2538635","339","1269317"
"решения касающиеся сетевой безопасности и отражения угроз","804998","218","402499"
"организация систем видеонаблюдения","4340952","121","2170476"
"построение и обслуживание структурированных кабельных систем (СКС)","705524","89","235174"
"создание и поддержка интеллектуальных медиасистем","6946070","125","3473035"
"телефония","6190730","236","2063576"
"создание виртуального офиса","5995718","325","2997859"
"организация резервного копирования","652779","296","217593"
"администрирование сетей и серверов","6767319","277","3383659"
"техническая поддержка рабочих станций и ИТ сервисов","2708696","162","1354348"
"веб-разработка","4969996","313","2484998"
"создание мобильных систем","6103346","184","2034448"
"создание и обслуживание систем контроля доступа к портам и устройствам","981141","223","327047"
"организацию антивирусной защиты","1493434","79","746717"
"решения касающиеся сетевой безопасности и отражения угроз","2997821","296","1498910"
"организация систем видеонаблюдения","9335651","292","3111883"
"построение и обслуживание структурированных кабельных систем (СКС)","7479554","109","3739777"
"создание и поддержка интеллектуальных медиасистем","8130853","349","2710284"
"телефония","5777239","57","2888619"
"создание виртуального офиса","7141390","132","2380463"
"организация резервного копирования","6774686","196","2258228"
"администрирование сетей и серверов","8954012","210","4477006"
"техническая поддержка рабочих станций и ИТ сервисов","7904669","354","3952334"
"веб-разработка","9988530","155","3329510"
"создание мобильных систем","5804009","226","2902004"
"создание и обслуживание систем контроля доступа к портам и устройствам","9971890","117","4985945"
"организацию антивирусной защиты","2870764","141","1435382"
"решения касающиеся сетевой безопасности и отражения угроз","1321576","50","660788"
"организация систем видеонаблюдения","8173000","238","4086500"
"построение и обслуживание структурированных кабельных систем (СКС)","7893036","292","2631012"
"создание и поддержка интеллектуальных медиасистем","1270685","272","423561"
"телефония","3683897","274","1841948"
"создание виртуального офиса","9196082","249","4598041"
"организация резервного копирования","1445764","355","722882"
"администрирование сетей и серверов","3301110","294","1100370"
"техническая поддержка рабочих станций и ИТ сервисов","6671728","193","2223909"
"веб-разработка","8138680","144","4069340"
"создание мобильных систем","1169034","98","389678"
"создание и обслуживание систем контроля доступа к портам и устройствам","6424941","125","2141647"
"организацию антивирусной защиты","2750858","67","1375429"
"решения касающиеся сетевой безопасности и отражения угроз","7615056","195","3807528"
"организация систем видеонаблюдения","3380357","287","1690178"
"построение и обслуживание структурированных кабельных систем (СКС)","5361178","127","2680589"
"создание и поддержка интеллектуальных медиасистем","4656298","312","1552099"
"телефония","8858077","31","4429038"
"создание виртуального офиса","9795575","61","3265191"
"организация резервного копирования","2751927","76","917309"
"администрирование сетей и серверов","8309129","280","2769709"
"техническая поддержка рабочих станций и ИТ сервисов","5532668","359","2766334"
"веб-разработка","7902367","289","3951183"
"создание мобильных систем","149910","363","74955"
"создание и обслуживание систем контроля доступа к портам и устройствам","907978","259","302659"
"организацию антивирусной защиты","4695500","181","2347750"
"решения касающиеся сетевой безопасности и отражения угроз","7543192","60","2514397"
"организация систем видеонаблюдения","9701920","359","4850960"
"построение и обслуживание структурированных кабельных систем (СКС)","9163564","57","3054521"
"создание и поддержка интеллектуальных медиасистем","2657243","172","1328621"
"телефония","8165855","147","2721951"
"создание виртуального офиса","5585254","249","2792627"
"организация резервного копирования","5820120","29","1940040"
"администрирование сетей и серверов","3045994","82","1015331"
"техническая поддержка рабочих станций и ИТ сервисов","9566962","284","3188987"
"веб-разработка","5009477","44","2504738"
"создание мобильных систем","4073243","97","1357747"
"создание и обслуживание систем контроля доступа к портам и устройствам","5280956","222","2640478"
"организацию антивирусной защиты","370835","85","123611"
"решения касающиеся сетевой безопасности и отражения угроз","8503195","120","4251597"
"организация систем видеонаблюдения","909389","255","303129"
"построение и обслуживание структурированных кабельных систем (СКС)","3292736","283","1097578"
"создание и поддержка интеллектуальных медиасистем","8291180","306","2763726"
"телефония","7334400","227","2444800"
"создание виртуального офиса","1335375","67","445125"
"организация резервного копирования","2520088","341","1260044"
"администрирование сетей и серверов","5105164","65","2552582"
"техническая поддержка рабочих станций и ИТ сервисов","2343236","139","781078"
"веб-разработка","2369204","355","789734"
"создание мобильных систем","1807558","14","903779"
"создание и обслуживание систем контроля доступа к портам и устройствам","4486255","307","1495418"
"организацию антивирусной защиты","3277155","175","1638577"
"решения касающиеся сетевой безопасности и отражения угроз","9847126","345","3282375"
"организация систем видеонаблюдения","1735570","35","578523"
"построение и обслуживание структурированных кабельных систем (СКС)","8563388","51","2854462"
"создание и поддержка интеллектуальных медиасистем","5225991","177","1741997"
"телефония","5757609","216","2878804"
"создание виртуального офиса","9126554","117","4563277"
"организация резервного копирования","239464","174","79821"
"администрирование сетей и серверов","7418170","336","2472723"
"техническая поддержка рабочих станций и ИТ сервисов","5809037","332","1936345"
"веб-разработка","5778007","361","2889003"
"создание мобильных систем","7505497","234","2501832"
"создание и обслуживание систем контроля доступа к портам и устройствам","478917","315","159639"
"организацию антивирусной защиты","7481373","134","2493791"
"решения касающиеся сетевой безопасности и отражения угроз","1984967","269","992483"
"организация систем видеонаблюдения","5715269","123","2857634"
"построение и обслуживание структурированных кабельных систем (СКС)","1476842","102","492280"
"создание и поддержка интеллектуальных медиасистем","6519588","210","2173196"
"телефония","3985117","91","1328372"
"создание виртуального офиса","3524280","265","1174760"
"организация резервного копирования","5449467","200","1816489"
"администрирование сетей и серверов","4846223","347","1615407"
"техническая поддержка рабочих станций и ИТ сервисов","6550305","305","3275152"
"веб-разработка","9567219","310","3189073"
"создание мобильных систем","8513654","123","4256827"
"создание и обслуживание систем контроля доступа к портам и устройствам","5094141","40","1698047"
"организацию антивирусной защиты","2336197","184","778732"
"решения касающиеся сетевой безопасности и отражения угроз","4726130","300","1575376"
"организация систем видеонаблюдения","1410942","58","470314"
"построение и обслуживание структурированных кабельных систем (СКС)","9028084","211","3009361"
"создание и поддержка интеллектуальных медиасистем","122469","53","61234"
"телефония","5040358","81","1680119"
"создание виртуального офиса","2821270","38","940423"
"организация резервного копирования","6999821","132","2333273"
"администрирование сетей и серверов","1349721","300","449907"
"техническая поддержка рабочих станций и ИТ сервисов","2087873","255","1043936"
"веб-разработка","3689212","89","1844606"
"создание мобильных систем","8415183","248","4207591"
"создание и обслуживание систем контроля доступа к портам и устройствам","3211547","47","1070515"
"организацию антивирусной защиты","7738321","190","2579440"
"решения касающиеся сетевой безопасности и отражения угроз","5019551","233","1673183"
"организация систем видеонаблюдения","4946489","194","1648829"
"построение и обслуживание структурированных кабельных систем (СКС)","3913552","158","1956776"
"создание и поддержка интеллектуальных медиасистем","2679363","158","893121"
"телефония","8429567","145","4214783"
"создание виртуального офиса","2980505","178","993501"
"организация резервного копирования","172981","357","86490"
"администрирование сетей и серверов","476489","120","238244"
"техническая поддержка рабочих станций и ИТ сервисов","7405664","53","2468554"
"веб-разработка","3346234","146","1673117"
"создание мобильных систем","4418376","66","1472792"
"создание и обслуживание систем контроля доступа к портам и устройствам","919862","156","459931"
"организацию антивирусной защиты","7430698","282","2476899"
"решения касающиеся сетевой безопасности и отражения угроз","771898","293","385949"
"организация систем видеонаблюдения","8754063","195","4377031"
"построение и обслуживание структурированных кабельных систем (СКС)","2986437","338","995479"
"создание и поддержка интеллектуальных медиасистем","4328544","318","2164272"
"телефония","8745913","355","2915304"
"создание виртуального офиса","6478696","312","2159565"
"организация резервного копирования","2625466","175","1312733"
"администрирование сетей и серверов","7305403","56","2435134"
"техническая поддержка рабочих станций и ИТ сервисов","704909","296","352454"
"веб-разработка","1610895","191","536965"
"создание мобильных систем","2016576","353","672192"
"создание и обслуживание систем контроля доступа к портам и устройствам","4107043","223","2053521"
"организацию антивирусной защиты","5236083","354","2618041"
"решения касающиеся сетевой безопасности и отражения угроз","8961221","106","4480610"
"организация систем видеонаблюдения","737010","164","368505"
"построение и обслуживание структурированных кабельных систем (СКС)","1522089","182","507363"
"создание и поддержка интеллектуальных медиасистем","7760064","206","3880032"
"телефония","2033859","139","677953"
"создание виртуального офиса","8602485","16","4301242"
"организация резервного копирования","1917764","339","639254"
"администрирование сетей и серверов","6951381","331","3475690"
"техническая поддержка рабочих станций и ИТ сервисов","4604123","235","1534707"
"веб-разработка","4642754","233","1547584"
"создание мобильных систем","6484134","39","3242067"
"создание и обслуживание систем контроля доступа к портам и устройствам","7292977","222","2430992"
"организацию антивирусной защиты","9410023","87","3136674"
"решения касающиеся сетевой безопасности и отражения угроз","1192610","327","596305"
"организация систем видеонаблюдения","9357594","49","3119198"
"построение и обслуживание структурированных кабельных систем (СКС)","3530432","228","1765216"
"создание и поддержка интеллектуальных медиасистем","5093649","270","1697883"
"телефония","4611345","315","1537115"
"создание виртуального офиса","9260252","151","3086750"
"организация резервного копирования","8848497","208","4424248"
"администрирование сетей и серверов","9311198","130","3103732"
"техническая поддержка рабочих станций и ИТ сервисов","1630181","287","815090"
"веб-разработка","7008277","327","3504138"
"создание мобильных систем","3094438","53","1031479"
"создание и обслуживание систем контроля доступа к портам и устройствам","5959896","271","2979948"
"организацию антивирусной защиты","2878344","54","1439172"
"решения касающиеся сетевой безопасности и отражения угроз","1426609","150","713304"
"организация систем видеонаблюдения","3827812","358","1913906"
"построение и обслуживание структурированных кабельных систем (СКС)","3476982","333","1738491"
"создание и поддержка интеллектуальных медиасистем","1022433","357","340811"
"телефония","5948959","232","1982986"
"создание виртуального офиса","8494474","113","4247237"
"организация резервного копирования","5390922","251","2695461"
"администрирование сетей и серверов","2994130","236","1497065"
"техническая поддержка рабочих станций и ИТ сервисов","4872068","218","2436034"
"веб-разработка","786911","233","262303"
"создание мобильных систем","5513255","19","2756627"
"создание и обслуживание систем контроля доступа к портам и устройствам","8358906","326","4179453"
"организацию антивирусной защиты","4373628","152","1457876"
"решения касающиеся сетевой безопасности и отражения угроз","7469988","269","3734994"
"организация систем видеонаблюдения","624780","160","208260"
"построение и обслуживание структурированных кабельных систем (СКС)","7575514","202","3787757"
"создание и поддержка интеллектуальных медиасистем","4675567","26","2337783"
"телефония","283784","66","94594"
"создание виртуального офиса","6826322","108","2275440"
"организация резервного копирования","8819700","117","4409850"
"администрирование сетей и серверов","8195820","111","4097910"
"техническая поддержка рабочих станций и ИТ сервисов","9133082","261","3044360"
"веб-разработка","9339310","62","4669655"
"создание мобильных систем","3943823","350","1314607"
"создание и обслуживание систем контроля доступа к портам и устройствам","1216869","202","405623"
"организацию антивирусной защиты","2037049","288","679016"
"решения касающиеся сетевой безопасности и отражения угроз","3067491","349","1022497"
